area code,international plan,voice mail plan,total day minutes,total day calls,total day charge,total eve minutes,total eve calls,total eve charge,total night minutes,total night calls,total night charge,customer service calls,class
4-1-5,no,no,129.1,137,21.95,228.5,83,19.42,208.8,111,9.4,4,True
4-1-5,no,no,332.9,67,56.59,317.8,97,27.01,160.6,128,7.23,4,True
4-0-8,no,no,62.4,89,10.61,169.9,121,14.44,209.6,64,9.43,5,True
4-0-8,no,no,249.6,118,42.43,252.4,119,21.45,280.2,90,12.61,1,True
4-0-8,yes,yes,173.1,85,29.43,203.9,107,17.33,122.2,78,5.5,0,True
4-1-5,no,no,159.1,114,27.05,231.3,117,19.66,143.2,91,6.44,5,True
4-1-5,no,no,151.0,83,25.67,219.7,116,18.67,203.9,127,9.18,5,True
4-0-8,no,yes,198.4,129,33.73,75.3,77,6.4,181.2,77,8.15,3,True
5-1-0,no,no,178.9,101,30.41,169.1,110,14.37,148.6,100,6.69,4,True
4-1-5,no,no,300.3,109,51.05,181.0,100,15.39,270.1,73,12.15,0,True
4-0-8,no,no,61.6,117,10.47,77.1,85,6.55,173.0,99,7.79,4,True
5-1-0,no,no,210.6,96,35.8,249.2,85,21.18,191.4,88,8.61,2,True
4-0-8,no,no,157.9,105,26.84,155.0,101,13.18,189.6,84,8.53,4,True
4-1-5,no,no,237.9,125,40.44,247.6,93,21.05,208.9,68,9.4,1,True
4-1-5,no,no,203.4,100,34.58,190.9,104,16.23,196.0,119,8.82,0,True
4-0-8,no,no,212.1,131,36.06,209.4,104,17.8,167.2,96,7.52,1,True
4-1-5,no,no,251.8,72,42.81,205.7,126,17.48,275.2,109,12.38,2,True
5-1-0,yes,yes,196.8,89,33.46,254.9,122,21.67,138.3,126,6.22,0,True
4-1-5,no,no,282.5,114,48.03,219.9,48,18.69,170.0,115,7.65,1,True
4-1-5,no,no,70.7,108,12.02,157.5,87,13.39,154.8,82,6.97,4,True
5-1-0,no,yes,187.5,124,31.88,146.6,103,12.46,225.7,129,10.16,4,True
4-0-8,yes,no,167.1,86,28.41,177.5,87,15.09,249.4,132,11.22,2,True
4-1-5,no,no,337.4,120,57.36,227.4,116,19.33,153.9,114,6.93,0,True
4-1-5,no,no,58.2,94,9.89,138.7,118,11.79,136.8,91,6.16,5,True
5-1-0,no,no,326.5,67,55.51,176.3,113,14.99,181.7,102,8.18,2,True
5-1-0,yes,yes,292.9,101,49.79,199.7,97,16.97,255.3,127,11.49,4,True
5-1-0,yes,no,226.7,98,38.54,228.1,115,19.39,73.2,93,3.29,2,True
4-1-5,no,no,250.2,121,42.53,267.1,118,22.7,151.0,114,6.8,1,True
4-0-8,yes,no,312.0,109,53.04,129.4,100,11.0,217.6,74,9.79,0,True
5-1-0,no,no,134.4,106,22.85,211.3,98,17.96,193.6,125,8.71,5,True
4-1-5,yes,no,135.1,95,22.97,134.1,102,11.4,223.1,81,10.04,2,True
4-0-8,no,no,198.5,99,33.75,267.8,60,22.76,354.9,75,15.97,0,True
4-1-5,no,yes,157.4,99,26.76,117.9,80,10.02,279.2,79,12.56,4,True
4-0-8,yes,no,62.6,111,10.64,180.6,126,15.35,221.7,80,9.98,1,True
4-0-8,no,yes,189.8,96,32.27,123.4,67,10.49,214.2,106,9.64,2,True
5-1-0,no,no,303.9,95,51.66,260.9,114,22.18,312.1,89,14.04,1,True
4-1-5,no,yes,172.7,93,29.36,120.1,116,10.21,216.1,86,9.72,5,True
4-1-5,no,no,266.6,106,45.32,264.8,168,22.51,207.2,119,9.32,1,True
4-0-8,no,no,170.4,108,28.97,350.5,68,29.79,297.0,87,13.37,0,True
4-1-5,no,no,272.1,111,46.26,268.5,118,22.82,213.8,105,9.62,1,True
4-0-8,no,no,296.4,99,50.39,214.8,89,18.26,133.9,107,6.03,4,True
4-1-5,no,no,248.7,109,42.28,220.0,118,18.7,265.7,78,11.96,1,True
5-1-0,yes,yes,223.5,81,38.0,188.8,74,16.05,154.9,101,6.97,2,True
4-1-5,no,no,272.6,83,46.34,248.7,74,21.14,197.4,111,8.88,1,True
4-1-5,no,no,128.3,121,21.81,197.1,93,16.75,138.4,152,6.23,7,True
4-1-5,no,no,213.0,63,36.21,176.6,71,15.01,262.6,126,11.82,1,True
5-1-0,no,no,107.0,63,18.19,105.7,67,8.98,243.1,74,10.94,4,True
4-0-8,yes,no,236.2,77,40.15,218.6,85,18.58,194.1,97,8.73,2,True
4-0-8,yes,no,257.1,53,43.71,312.2,127,26.54,183.0,82,8.24,1,True
4-1-5,no,no,350.8,75,59.64,216.5,94,18.4,253.9,100,11.43,1,True
4-1-5,yes,no,218.0,57,37.06,114.4,88,9.72,269.2,95,12.11,0,True
4-1-5,yes,no,165.5,84,28.14,286.2,112,24.33,198.9,89,8.95,1,True
5-1-0,no,no,229.6,78,39.03,205.7,108,17.48,166.2,91,7.48,0,True
4-1-5,no,no,234.4,103,39.85,279.3,109,23.74,234.2,121,10.54,1,True
4-1-5,no,no,167.3,91,28.44,230.0,68,19.55,191.7,118,8.63,1,True
5-1-0,no,no,157.1,134,26.71,184.9,122,15.72,197.2,59,8.87,4,True
4-1-5,no,no,239.7,47,40.75,282.9,110,24.05,238.4,88,10.73,2,True
5-1-0,yes,no,171.5,99,29.16,160.0,103,13.6,212.4,102,9.56,1,True
5-1-0,no,no,250.3,100,42.55,260.6,90,22.15,195.0,104,8.78,2,True
5-1-0,no,no,278.0,76,47.26,176.7,74,15.02,219.5,126,9.88,0,True
4-0-8,no,no,256.4,125,43.59,273.9,100,23.28,222.7,101,10.02,1,True
4-1-5,no,no,264.8,124,45.02,245.4,112,20.86,160.5,115,7.22,1,True
4-1-5,yes,no,178.2,113,30.29,167.8,94,14.26,182.1,111,8.19,3,True
5-1-0,no,yes,226.2,103,38.45,181.6,125,15.44,258.8,102,11.65,3,True
5-1-0,no,yes,96.6,59,16.42,315.4,98,26.81,163.3,117,7.35,4,True
4-1-5,yes,no,191.9,91,32.62,256.1,110,21.77,203.7,101,9.17,1,True
4-1-5,yes,no,130.7,113,22.22,260.6,122,22.15,244.2,98,10.99,2,True
4-0-8,yes,no,211.3,61,35.92,105.6,119,8.98,175.9,63,7.92,4,True
4-1-5,yes,no,216.9,61,36.87,207.4,120,17.63,221.7,110,9.98,1,True
4-1-5,no,no,154.0,122,26.18,329.8,88,28.03,288.0,117,12.96,3,True
4-1-5,no,yes,170.8,114,29.04,199.5,125,16.96,169.7,98,7.64,5,True
4-0-8,yes,yes,265.9,113,45.2,215.8,94,18.34,108.1,82,4.86,0,True
5-1-0,no,no,73.3,86,12.46,161.4,82,13.72,239.6,76,10.78,4,True
4-1-5,yes,yes,237.5,120,40.38,253.4,94,21.54,265.2,80,11.93,9,True
5-1-0,yes,no,279.8,90,47.57,248.7,91,21.14,171.0,118,7.69,2,True
5-1-0,yes,yes,136.8,91,23.26,200.8,61,17.07,133.7,67,6.02,5,True
4-1-5,no,no,172.8,58,29.38,183.1,108,15.56,158.8,104,7.15,4,True
5-1-0,no,no,288.1,112,48.98,258.0,92,21.93,192.4,90,8.66,3,True
4-0-8,no,no,174.1,96,29.6,251.1,94,21.34,257.6,123,11.59,2,True
4-0-8,yes,yes,221.1,137,37.59,264.9,99,22.52,168.9,108,7.6,2,True
5-1-0,no,no,228.1,121,38.78,276.5,79,23.5,279.8,77,12.59,2,True
4-1-5,no,no,209.4,151,35.6,347.3,113,29.52,246.0,116,11.07,1,True
5-1-0,no,no,234.2,128,39.81,293.1,92,24.91,183.9,79,8.28,0,True
4-0-8,no,no,89.7,118,15.25,260.1,79,22.11,170.1,93,7.65,5,True
4-1-5,yes,no,159.7,86,27.15,197.5,76,16.79,121.6,105,5.47,0,True
4-1-5,no,no,335.5,77,57.04,212.5,109,18.06,265.0,132,11.93,2,True
4-1-5,yes,yes,220.7,82,37.52,217.7,110,18.5,190.5,100,8.57,1,True
4-1-5,yes,no,293.3,79,49.86,188.5,90,16.02,266.9,91,12.01,0,True
4-0-8,yes,yes,220.2,109,37.43,185.3,99,15.75,205.1,82,9.23,0,True
4-1-5,no,no,299.5,125,50.92,226.7,92,19.27,210.7,134,9.48,0,True
4-0-8,no,no,261.7,97,44.49,210.6,48,17.9,256.7,83,11.55,3,True
5-1-0,no,no,157.6,85,26.79,194.1,92,16.5,231.5,86,10.42,5,True
4-0-8,no,no,264.7,69,45.0,305.0,120,25.93,197.4,86,8.88,1,True
4-1-5,yes,no,222.4,78,37.81,327.0,111,27.8,208.0,104,9.36,1,True
5-1-0,yes,no,249.9,95,42.48,242.5,104,20.61,151.7,121,6.83,1,True
5-1-0,no,yes,87.2,92,14.82,169.3,110,14.39,166.7,80,7.5,6,True
5-1-0,no,no,271.2,105,46.1,202.6,105,17.22,221.6,51,9.97,3,True
4-1-5,no,no,162.1,86,27.56,155.0,86,13.18,189.7,87,8.54,5,True
4-1-5,yes,no,145.0,89,24.65,175.8,102,14.94,223.7,151,10.07,2,True
4-1-5,yes,no,230.9,132,39.25,243.2,99,20.67,182.4,57,8.21,0,True
4-1-5,yes,yes,126.9,97,21.57,166.9,102,14.19,145.2,77,6.53,5,True
4-0-8,yes,no,176.9,110,30.07,167.9,100,14.27,182.2,138,8.2,1,True
4-0-8,no,no,265.6,86,45.15,208.8,102,17.75,182.5,105,8.21,2,True
5-1-0,yes,yes,271.5,98,46.16,253.4,102,21.54,165.4,85,7.44,1,True
4-0-8,yes,no,148.5,126,25.25,219.4,125,18.65,198.5,121,8.93,1,True
4-1-5,no,no,314.6,102,53.48,169.8,86,14.43,285.1,100,12.83,2,True
4-0-8,yes,no,167.7,94,28.51,93.7,121,7.96,241.3,115,10.86,3,True
4-0-8,no,no,322.5,106,54.83,204.6,93,17.39,186.2,128,8.38,2,True
4-1-5,no,no,180.6,92,30.7,190.9,114,16.23,295.6,125,13.3,1,True
4-0-8,yes,no,199.6,89,33.93,211.4,96,17.97,72.4,84,3.26,3,True
4-0-8,no,no,267.9,114,45.54,223.0,74,18.96,262.7,90,11.82,3,True
5-1-0,no,no,271.4,119,46.14,190.4,102,16.18,284.7,118,12.81,4,True
4-1-5,no,yes,166.9,85,28.37,221.2,92,18.8,197.3,97,8.88,1,True
5-1-0,no,no,120.8,96,20.54,169.8,101,14.43,194.1,63,8.73,4,True
5-1-0,no,no,321.6,107,54.67,251.6,115,21.39,141.1,158,6.35,2,True
4-1-5,no,no,260.0,123,44.2,210.5,127,17.89,234.7,70,10.56,1,True
4-1-5,no,no,191.9,113,32.62,70.9,87,6.03,204.8,107,9.22,4,True
4-1-5,no,no,267.8,145,45.53,316.4,121,26.89,208.6,91,9.39,5,True
5-1-0,no,no,287.3,123,48.84,288.0,114,24.48,266.0,112,11.97,0,True
5-1-0,yes,no,125.8,103,21.39,207.7,96,17.65,207.4,143,9.33,1,True
4-1-5,no,yes,167.9,147,28.54,190.7,105,16.21,193.0,103,8.69,4,True
4-0-8,no,no,257.4,67,43.76,261.1,91,22.19,204.4,107,9.2,2,True
5-1-0,no,yes,152.0,63,25.84,258.8,131,22.0,263.2,109,11.84,2,True
4-0-8,no,yes,174.9,103,29.73,248.2,105,21.1,164.6,116,7.41,1,True
5-1-0,no,no,334.3,118,56.83,192.1,104,16.33,191.0,83,8.59,0,True
4-0-8,no,yes,134.2,105,22.81,162.5,128,13.81,186.6,90,8.4,4,True
4-1-5,no,no,278.0,102,47.26,266.4,114,22.64,224.1,118,10.08,4,True
4-1-5,yes,no,346.8,55,58.96,249.5,79,21.21,275.4,102,12.39,1,True
4-1-5,yes,yes,267.9,103,45.54,263.3,74,22.38,178.1,106,8.01,1,True
4-0-8,no,no,277.3,138,47.14,228.4,117,19.41,117.3,103,5.28,2,True
4-1-5,no,no,263.4,148,44.78,230.3,69,19.58,170.6,101,7.68,1,True
5-1-0,yes,no,194.2,106,33.01,249.4,105,21.2,254.9,129,11.47,1,True
4-1-5,no,yes,216.0,125,36.72,232.3,104,19.75,215.5,100,9.7,2,True
4-1-5,no,no,111.9,92,19.02,114.0,143,9.69,146.8,79,6.61,5,True
4-1-5,no,no,154.2,123,26.21,112.3,86,9.55,246.4,75,11.09,4,True
4-0-8,no,no,322.3,113,54.79,222.0,95,18.87,162.8,123,7.33,0,True
5-1-0,no,no,176.9,128,30.07,102.8,56,8.74,213.7,84,9.62,4,True
5-1-0,no,yes,201.4,100,34.24,246.5,117,20.95,154.8,131,6.97,2,True
4-0-8,no,no,165.0,129,28.05,202.6,113,17.22,172.3,94,7.75,1,True
4-1-5,no,no,154.4,165,26.25,168.3,121,14.31,239.9,81,10.8,5,True
4-1-5,no,no,189.1,105,32.15,246.1,147,20.92,242.0,106,10.89,1,True
4-0-8,no,no,148.1,73,25.18,164.9,101,14.02,216.0,125,9.72,5,True
4-1-5,yes,yes,270.3,111,45.95,215.2,90,18.29,254.0,133,11.43,1,True
4-1-5,no,no,106.4,71,18.09,240.1,83,20.41,147.7,114,6.65,6,True
4-1-5,no,no,193.3,106,32.86,128.3,94,10.91,162.1,119,7.29,5,True
4-1-5,no,no,131.6,120,22.37,211.3,96,17.96,168.3,97,7.57,4,True
4-0-8,no,no,287.1,108,48.81,178.4,125,15.16,153.2,98,6.89,3,True
4-1-5,yes,no,235.1,98,39.97,251.8,79,21.4,285.9,76,12.87,4,True
4-1-5,yes,yes,160.0,95,27.2,209.5,110,17.81,82.3,107,3.7,5,True
4-1-5,yes,no,236.8,141,40.26,265.3,101,22.55,152.4,77,6.86,1,True
4-0-8,no,no,270.9,98,46.05,226.2,110,19.23,178.8,60,8.05,0,True
5-1-0,no,no,243.0,91,41.31,183.9,77,15.63,184.3,109,8.29,0,True
5-1-0,no,yes,162.1,83,27.56,171.8,117,14.6,259.8,76,11.69,4,True
5-1-0,no,yes,186.4,84,31.69,201.0,136,17.09,286.7,103,12.9,2,True
4-0-8,no,yes,224.7,69,38.2,134.5,81,11.43,120.3,104,5.41,1,True
5-1-0,no,yes,130.5,114,22.19,208.4,94,17.71,141.6,114,6.37,4,True
4-1-5,no,no,121.7,48,20.69,125.8,112,10.69,261.6,122,11.77,6,True
4-1-5,no,no,229.7,129,39.05,336.0,104,28.56,192.8,128,8.68,1,True
4-0-8,no,no,247.7,77,42.11,269.5,108,22.91,167.3,82,7.53,0,True
5-1-0,no,no,112.2,95,19.07,209.6,108,17.82,260.9,78,11.74,0,True
4-1-5,no,no,263.8,66,44.85,251.3,116,21.36,200.1,112,9.0,5,True
4-1-5,no,no,266.3,90,45.27,207.8,117,17.66,205.0,98,9.23,2,True
4-0-8,no,no,270.5,69,45.99,230.0,112,19.55,136.0,111,6.12,1,True
4-1-5,no,no,189.2,81,32.16,184.4,117,15.67,255.8,83,11.51,3,True
5-1-0,no,no,78.6,106,13.36,187.3,110,15.92,184.2,111,8.29,1,True
4-1-5,yes,no,132.1,42,22.46,138.9,88,11.81,192.6,119,8.67,2,True
5-1-0,no,yes,153.1,115,26.03,185.9,59,15.8,224.3,102,10.09,6,True
4-1-5,no,no,96.8,92,16.46,142.6,103,12.12,210.1,115,9.45,2,True
4-0-8,no,no,321.3,99,54.62,167.9,93,14.27,193.6,106,8.71,1,True
5-1-0,yes,no,236.9,107,40.27,157.6,105,13.4,241.0,120,10.85,0,True
4-1-5,yes,no,148.2,96,25.19,220.4,111,18.73,134.2,97,6.04,4,True
4-1-5,no,no,284.4,89,48.35,157.0,113,13.35,242.8,91,10.93,0,True
4-1-5,no,no,0.0,0,0.0,159.6,130,13.57,167.1,88,7.52,4,True
4-0-8,yes,no,133.7,45,22.73,187.8,107,15.96,181.9,89,8.19,1,True
4-0-8,no,no,285.7,124,48.57,230.9,106,19.63,230.7,140,10.38,0,True
4-1-5,no,no,217.8,91,37.03,220.6,97,18.75,277.3,89,12.48,1,True
4-1-5,no,no,245.0,97,41.65,250.7,75,21.31,270.2,124,12.16,1,True
4-1-5,no,no,112.0,105,19.04,193.7,110,16.46,208.9,93,9.4,4,True
4-1-5,no,no,245.7,139,41.77,241.9,113,20.56,285.3,117,12.84,4,True
4-1-5,no,no,269.7,85,45.85,207.6,86,17.65,214.2,107,9.64,3,True
5-1-0,no,no,143.2,80,24.34,88.1,94,7.49,233.2,135,10.49,4,True
4-1-5,no,yes,82.3,105,13.99,256.1,91,21.77,229.6,98,10.33,6,True
4-1-5,yes,no,149.4,68,25.4,171.9,98,14.61,214.5,97,9.65,3,True
4-1-5,yes,yes,112.6,114,19.14,261.7,132,22.24,123.5,116,5.56,0,True
5-1-0,no,no,195.7,116,33.27,209.1,87,17.77,201.1,73,9.05,1,True
4-0-8,no,yes,174.0,80,29.58,209.4,113,17.8,224.1,87,10.08,2,True
4-1-5,yes,yes,181.1,59,30.79,215.9,116,18.35,216.3,106,9.73,0,True
4-1-5,yes,no,273.3,66,46.46,263.6,121,22.41,165.2,84,7.43,1,True
4-1-5,yes,no,133.3,106,22.66,182.9,89,15.55,241.1,123,10.85,3,True
4-1-5,no,yes,153.4,90,26.08,151.4,97,12.87,153.8,97,6.92,4,True
4-1-5,no,no,213.9,112,36.36,260.5,100,22.14,233.8,97,10.52,1,True
4-1-5,no,no,223.3,99,37.96,167.1,128,14.2,203.0,84,9.14,0,True
5-1-0,no,no,261.4,141,44.44,215.7,102,18.33,271.8,96,12.23,1,True
5-1-0,yes,no,46.5,104,7.91,186.0,114,15.81,167.5,95,7.54,4,True
4-1-5,no,yes,149.9,84,25.48,170.9,84,14.53,171.5,112,7.72,0,True
5-1-0,yes,no,242.2,102,41.17,226.1,80,19.22,252.0,96,11.34,2,True
5-1-0,no,no,259.4,99,44.1,172.7,125,14.68,293.7,78,13.22,1,True
4-0-8,yes,yes,156.5,122,26.61,209.2,125,17.78,158.7,81,7.14,4,True
4-1-5,no,no,122.2,67,20.77,167.2,62,14.21,194.8,98,8.77,1,False
5-1-0,no,no,153.3,106,26.06,224.5,117,19.08,273.4,152,12.3,2,False
4-1-5,no,no,214.0,117,36.38,192.4,89,16.35,242.6,99,10.92,1,False
4-0-8,no,no,194.8,112,33.12,167.2,85,14.21,100.3,61,4.51,1,False
4-1-5,no,no,206.7,87,35.14,281.1,83,23.89,158.5,77,7.13,3,False
4-1-5,no,yes,188.0,105,31.96,151.3,107,12.86,201.9,132,9.09,2,False
4-1-5,no,no,259.3,96,44.08,175.2,97,14.89,222.4,36,10.01,3,False
4-1-5,no,yes,172.9,109,29.39,137.6,94,11.7,203.8,109,9.17,1,False
4-1-5,yes,no,156.4,116,26.59,130.4,114,11.08,207.3,109,9.33,1,False
4-1-5,no,yes,128.1,104,21.78,143.4,127,12.19,191.0,98,8.59,1,False
4-0-8,no,no,196.6,73,33.42,170.2,79,14.47,194.3,79,8.74,1,False
4-1-5,no,yes,194.9,63,33.13,191.6,90,16.29,153.0,129,6.89,2,False
4-0-8,no,yes,44.9,63,7.63,134.2,82,11.41,168.4,118,7.58,1,False
4-0-8,no,yes,262.8,114,44.68,215.8,130,18.34,154.8,88,6.97,0,False
4-1-5,no,no,211.2,70,35.9,252.7,122,21.48,225.8,104,10.16,0,False
4-1-5,no,no,204.0,69,34.68,225.1,110,19.13,240.3,85,10.81,1,False
5-1-0,no,no,223.2,109,37.94,127.5,86,10.84,289.3,83,13.02,3,False
4-0-8,no,no,119.0,82,20.23,187.5,108,15.94,189.3,97,8.52,1,False
4-1-5,no,no,134.4,104,22.85,152.4,95,12.95,236.5,80,10.64,1,False
4-1-5,no,no,171.1,78,29.09,257.2,83,21.86,91.6,92,4.12,1,False
4-1-5,no,no,170.5,103,28.99,254.3,77,21.62,197.3,138,8.88,2,False
4-1-5,no,no,178.5,124,30.35,146.9,141,12.49,217.1,102,9.77,1,False
5-1-0,no,no,205.2,145,34.88,154.8,95,13.16,191.4,77,8.61,3,False
4-1-5,no,yes,232.8,97,39.58,183.5,111,15.6,206.8,111,9.31,0,False
4-0-8,no,yes,239.9,107,40.78,253.8,77,21.57,128.7,85,5.79,5,False
4-0-8,no,no,55.6,97,9.45,288.7,83,24.54,111.2,110,5.0,2,False
4-1-5,no,yes,153.5,78,26.1,241.9,108,20.56,244.7,110,11.01,1,False
5-1-0,no,no,109.8,100,18.67,189.6,104,16.12,206.7,85,9.3,1,False
4-1-5,no,no,196.1,89,33.34,185.5,87,15.77,250.0,132,11.25,2,False
5-1-0,no,no,166.8,127,28.36,143.5,121,12.2,210.7,130,9.48,0,False
4-1-5,no,yes,113.2,96,19.24,269.9,107,22.94,229.1,87,10.31,2,False
5-1-0,no,no,203.0,92,34.51,150.9,125,12.83,245.5,131,11.05,1,False
4-0-8,no,no,242.8,90,41.28,234.1,80,19.9,211.5,104,9.52,5,False
4-1-5,no,no,156.5,102,26.61,140.2,134,11.92,227.4,111,10.23,2,False
4-1-5,no,yes,182.0,80,30.94,216.1,85,18.37,156.9,82,7.06,1,False
4-1-5,no,no,85.9,92,14.6,193.9,127,16.48,231.5,93,10.42,0,False
4-1-5,no,yes,146.6,87,24.92,114.8,59,9.76,220.4,99,9.92,0,False
4-1-5,no,no,118.6,89,20.16,199.6,97,16.97,53.3,61,2.4,1,False
4-1-5,no,yes,197.6,105,33.59,80.0,86,6.8,120.8,82,5.44,2,False
5-1-0,no,yes,210.3,116,35.75,192.2,83,16.34,246.1,92,11.07,6,False
4-1-5,no,yes,220.3,96,37.45,285.8,72,24.29,203.0,111,9.14,4,False
4-1-5,no,no,150.0,98,25.5,232.4,101,19.75,261.2,123,11.75,1,False
4-1-5,no,yes,161.7,114,27.49,207.6,115,17.65,205.7,114,9.26,0,False
4-1-5,no,no,191.4,116,32.54,167.4,99,14.23,216.5,112,9.74,3,False
4-1-5,yes,no,146.7,83,24.94,148.3,91,12.61,238.6,69,10.74,3,False
5-1-0,no,no,109.4,103,18.6,101.3,111,8.61,167.3,106,7.53,1,False
5-1-0,no,no,144.1,115,24.5,249.8,68,21.23,211.4,82,9.51,1,False
4-1-5,no,yes,248.9,93,42.31,170.8,108,14.52,104.5,91,4.7,1,False
4-1-5,no,no,214.8,112,36.52,209.7,104,17.82,164.4,97,7.4,3,False
4-0-8,no,no,158.9,137,27.01,242.8,109,20.64,247.8,97,11.15,0,False
5-1-0,no,yes,110.0,94,18.7,141.5,76,12.03,237.3,87,10.68,2,False
4-1-5,no,no,152.8,145,25.98,183.6,102,15.61,151.8,75,6.83,1,False
4-1-5,no,no,145.6,103,24.75,197.1,137,16.75,294.5,83,13.25,0,False
4-0-8,no,no,93.3,83,15.86,199.6,114,16.97,206.2,104,9.28,0,False
4-0-8,no,no,216.8,134,36.86,187.8,106,15.96,138.1,108,6.21,0,False
4-0-8,no,no,201.9,101,34.32,154.7,78,13.15,164.4,79,7.4,1,False
4-0-8,no,no,146.4,81,24.89,225.1,80,19.13,230.1,117,10.35,1,False
5-1-0,no,no,18.9,92,3.21,258.4,81,21.96,109.6,74,4.93,1,False
4-1-5,no,no,172.8,81,29.38,193.4,90,16.44,89.6,107,4.03,2,False
4-0-8,no,no,190.2,119,32.33,157.1,70,13.35,181.5,120,8.17,0,False
4-1-5,no,no,130.6,83,22.2,208.1,144,17.69,204.6,72,9.21,3,False
4-1-5,no,no,166.5,111,28.31,236.2,98,20.08,205.6,92,9.25,1,False
4-1-5,no,no,129.3,103,21.98,202.8,89,17.24,233.0,126,10.49,2,False
4-1-5,no,no,199.3,112,33.88,193.4,120,16.44,254.4,117,11.45,0,False
4-1-5,no,no,185.1,126,31.47,233.0,98,19.81,152.2,106,6.85,0,False
4-0-8,no,no,175.4,80,29.82,197.4,127,16.78,188.2,102,8.47,2,False
5-1-0,no,no,263.4,123,44.78,151.9,74,12.91,218.5,101,9.83,2,False
5-1-0,no,no,94.2,108,16.01,264.1,100,22.45,203.7,79,9.17,1,False
5-1-0,no,no,189.4,83,32.2,219.0,89,18.62,168.0,116,7.56,3,False
5-1-0,no,yes,118.0,103,20.06,167.2,106,14.21,205.7,102,9.26,2,False
4-1-5,no,no,212.1,98,36.06,189.4,89,16.1,352.2,95,15.85,3,False
4-0-8,no,no,222.0,93,37.74,187.0,103,15.9,282.3,124,12.7,2,False
4-1-5,no,yes,222.8,98,37.88,180.5,105,15.34,151.3,101,6.81,0,False
4-0-8,no,yes,190.0,137,32.3,116.6,76,9.91,141.5,110,6.37,1,False
4-0-8,no,yes,195.4,83,33.22,268.2,93,22.8,168.0,95,7.56,3,False
5-1-0,no,no,199.6,93,33.93,214.3,99,18.22,196.8,110,8.86,3,False
4-1-5,no,no,100.0,98,17.0,173.5,95,14.75,218.0,122,9.81,0,False
4-1-5,no,yes,160.6,85,27.3,223.1,79,18.96,124.0,92,5.58,2,False
4-1-5,no,yes,158.7,91,26.98,160.5,127,13.64,218.3,88,9.82,1,False
4-0-8,no,yes,192.3,114,32.69,129.3,114,10.99,136.3,102,6.13,1,False
4-0-8,no,yes,193.0,106,32.81,153.6,106,13.06,260.4,87,11.72,2,False
5-1-0,no,no,72.5,88,12.33,204.0,112,17.34,117.9,118,5.31,1,False
5-1-0,no,yes,105.2,61,17.88,341.3,79,29.01,165.7,97,7.46,2,False
4-1-5,no,no,180.5,88,30.69,134.7,102,11.45,170.7,97,7.68,2,False
4-0-8,no,yes,214.7,86,36.5,314.3,109,26.72,280.2,110,12.61,0,False
4-0-8,no,no,86.8,95,14.76,108.1,85,9.19,204.3,87,9.19,1,False
4-1-5,no,no,135.4,102,23.02,237.1,122,20.15,118.3,91,5.32,0,False
4-1-5,no,no,174.3,85,29.63,254.1,95,21.6,176.4,96,7.94,6,False
5-1-0,no,no,203.9,63,34.66,191.8,93,16.3,132.5,125,5.96,3,False
5-1-0,no,no,235.5,108,40.04,142.3,143,12.1,316.7,131,14.25,0,False
4-1-5,no,no,157.0,113,26.69,256.9,97,21.84,185.5,126,8.35,2,False
4-1-5,yes,no,111.9,55,19.02,223.0,124,18.96,243.2,81,10.94,3,False
5-1-0,yes,no,236.3,91,40.17,152.8,130,12.99,160.3,98,7.21,3,False
4-0-8,no,no,163.6,88,27.81,283.4,93,24.09,262.1,108,11.79,0,False
4-1-5,no,yes,213.6,127,36.31,175.9,82,14.95,207.2,100,9.32,1,False
5-1-0,no,yes,143.4,72,24.38,170.0,92,14.45,127.9,68,5.76,3,False
5-1-0,no,no,78.3,119,13.31,198.2,94,16.85,248.5,94,11.18,1,False
4-0-8,no,no,97.1,98,16.51,228.0,131,19.38,240.0,111,10.8,1,False
4-1-5,no,no,94.1,93,16.0,147.6,80,12.55,213.5,85,9.61,0,False
4-1-5,no,no,133.8,61,22.75,158.8,96,13.5,189.6,92,8.53,1,False
4-1-5,no,yes,190.3,93,32.35,249.0,127,21.17,215.7,82,9.71,1,False
4-1-5,no,yes,294.9,106,50.13,165.7,115,14.08,189.2,63,8.51,3,False
4-1-5,no,no,185.4,114,31.52,191.4,119,16.27,144.0,78,6.48,2,False
4-1-5,no,no,179.5,121,30.52,191.9,131,16.31,165.5,125,7.45,0,False
4-0-8,no,no,158.0,94,26.86,207.9,100,17.67,190.4,120,8.57,0,False
4-1-5,no,no,173.0,131,29.41,190.4,108,16.18,290.0,66,13.05,0,False
4-1-5,no,yes,134.2,101,22.81,211.9,145,18.01,167.6,138,7.54,1,False
4-1-5,no,yes,125.2,123,21.28,230.9,101,19.63,192.0,106,8.64,3,False
4-1-5,no,no,195.9,111,33.3,227.0,108,19.3,313.2,113,14.09,2,False
5-1-0,no,yes,214.2,61,36.41,181.2,88,15.4,174.0,68,7.83,0,False
4-1-5,no,no,221.1,101,37.59,236.7,65,20.12,252.3,137,11.35,0,False
4-0-8,no,yes,132.0,100,22.44,173.3,121,14.73,203.5,108,9.16,1,False
4-0-8,no,no,157.6,92,26.79,198.3,87,16.86,364.9,106,16.42,1,False
4-0-8,no,yes,110.3,71,18.75,182.4,108,15.5,183.8,88,8.27,2,False
4-1-5,yes,no,161.5,121,27.46,192.9,137,16.4,168.3,96,7.57,0,False
4-0-8,no,yes,171.8,116,29.21,240.7,125,20.46,245.5,80,11.05,1,False
5-1-0,no,yes,211.0,99,35.87,155.1,89,13.18,234.8,96,10.57,1,False
4-0-8,no,no,139.0,110,23.63,132.9,93,11.3,272.0,120,12.24,0,False
4-0-8,no,no,234.8,125,39.92,199.2,99,16.93,163.2,88,7.34,4,False
4-0-8,no,no,187.6,83,31.89,201.4,81,17.12,264.2,79,11.89,1,False
4-1-5,no,no,159.8,143,27.17,210.1,93,17.86,175.1,86,7.88,2,False
4-0-8,no,yes,177.1,100,30.11,194.0,85,16.49,253.4,124,11.4,1,False
4-0-8,no,no,117.9,101,20.04,160.4,92,13.63,235.3,150,10.59,0,False
4-1-5,no,yes,247.6,95,42.09,256.3,150,21.79,158.6,72,7.14,2,False
4-0-8,no,no,169.9,77,28.88,138.3,155,11.76,142.6,105,6.42,1,False
4-1-5,no,no,185.0,120,31.45,203.7,129,17.31,170.5,89,7.67,3,False
4-0-8,no,yes,204.9,84,34.83,201.0,102,17.09,219.7,97,9.89,0,False
4-0-8,no,yes,225.5,119,38.34,182.0,108,15.47,270.9,106,12.19,3,False
4-1-5,no,no,239.3,102,40.68,223.4,127,18.99,251.4,104,11.31,0,False
4-1-5,no,no,161.9,100,27.52,230.1,138,19.56,148.8,78,6.7,3,False
5-1-0,no,yes,133.3,110,22.66,185.7,111,15.78,161.5,113,7.27,2,False
5-1-0,no,yes,170.7,88,29.02,109.9,113,9.34,165.7,99,7.46,3,False
5-1-0,no,no,189.7,76,32.25,156.1,65,13.27,244.0,91,10.98,5,False
4-1-5,no,no,124.4,74,21.15,320.9,78,27.28,157.2,126,7.07,2,False
4-1-5,no,no,146.9,94,24.97,114.3,111,9.72,114.5,97,5.15,3,False
5-1-0,no,no,192.6,123,32.74,206.4,105,17.54,283.2,93,12.74,1,False
4-0-8,no,yes,96.3,83,16.37,179.6,91,15.27,166.3,121,7.48,1,False
5-1-0,no,no,131.9,96,22.42,167.6,107,14.25,205.9,106,9.27,3,False
4-0-8,no,no,147.2,121,25.02,175.2,87,14.89,136.3,80,6.13,2,False
4-1-5,no,no,143.1,139,24.33,239.6,88,20.37,221.7,123,9.98,2,False
4-0-8,no,no,280.4,127,47.67,179.4,79,15.25,150.6,77,6.78,5,False
4-1-5,no,yes,237.2,85,40.32,213.1,100,18.11,192.7,87,8.67,1,False
5-1-0,no,no,184.2,95,31.31,181.6,101,15.44,143.4,113,6.45,2,False
4-1-5,no,no,109.1,141,18.55,187.1,140,15.9,216.6,100,9.75,3,False
4-1-5,no,no,186.8,94,31.76,207.6,92,17.65,195.0,98,8.78,3,False
5-1-0,no,no,155.4,112,26.42,290.9,92,24.73,228.4,91,10.28,1,False
4-1-5,no,no,245.3,91,41.7,122.9,130,10.45,228.4,102,10.28,4,False
5-1-0,no,no,207.2,138,35.22,214.1,83,18.2,193.0,105,8.69,1,False
4-1-5,no,yes,151.5,100,25.76,248.7,126,21.14,199.8,120,8.99,2,False
4-1-5,no,no,190.0,100,32.3,246.6,78,20.96,304.2,107,13.69,1,False
4-1-5,no,no,220.8,111,37.54,156.2,67,13.28,187.9,89,8.46,2,False
4-1-5,no,yes,173.7,117,29.53,204.0,114,17.34,174.6,94,7.86,2,False
4-0-8,no,no,114.8,94,19.52,150.0,104,12.75,268.6,119,12.09,2,False
4-0-8,no,no,113.8,97,19.35,192.3,97,16.35,214.9,89,9.67,3,False
4-1-5,no,no,184.4,111,31.35,203.8,110,17.32,237.4,100,10.68,3,False
4-1-5,no,no,227.4,67,38.66,248.0,115,21.08,61.4,109,2.76,1,False
4-0-8,no,no,224.0,99,38.08,210.7,80,17.91,231.9,75,10.44,0,False
5-1-0,no,no,216.2,95,36.75,185.7,105,15.78,300.0,143,13.5,2,False
4-1-5,no,no,129.9,121,22.08,230.1,105,19.56,140.5,123,6.32,0,False
5-1-0,no,yes,230.1,108,39.12,287.6,76,24.45,177.1,85,7.97,2,False
4-1-5,no,no,204.4,97,34.75,273.2,128,23.22,179.6,118,8.08,1,False
4-0-8,no,yes,216.6,101,36.82,173.1,98,14.71,242.1,95,10.89,1,False
5-1-0,no,no,228.1,93,38.78,136.4,106,11.59,197.3,107,8.88,1,False
4-1-5,no,no,115.5,70,19.64,252.2,143,21.44,208.9,91,9.4,0,False
4-0-8,no,no,218.8,125,37.2,148.3,102,12.61,277.8,97,12.5,1,False
5-1-0,no,no,223.8,67,38.05,244.8,74,20.81,223.8,156,10.07,3,False
4-1-5,no,no,143.8,71,24.45,184.0,131,15.64,275.5,132,12.4,3,False
4-0-8,no,yes,29.9,123,5.08,129.1,117,10.97,325.9,105,14.67,2,False
5-1-0,no,yes,276.7,121,47.04,203.7,99,17.31,246.2,88,11.08,0,False
4-1-5,no,no,141.4,128,24.04,146.4,70,12.44,123.0,75,5.54,0,False
4-0-8,no,yes,153.9,102,26.16,140.7,117,11.96,217.7,101,9.8,1,False
4-1-5,no,no,190.5,128,32.39,205.5,103,17.47,130.7,63,5.88,0,False
4-0-8,no,no,192.6,102,32.74,178.9,118,15.21,214.6,74,9.66,1,False
4-0-8,yes,no,151.8,115,25.81,103.6,116,8.81,156.3,86,7.03,1,False
4-0-8,no,no,215.6,74,36.65,192.9,98,16.4,144.0,103,6.48,5,False
4-1-5,no,no,180.0,100,30.6,229.0,103,19.47,139.4,105,6.27,3,False
5-1-0,no,no,157.3,116,26.74,197.5,77,16.79,128.2,111,5.77,2,False
4-1-5,no,no,196.5,88,33.41,158.6,129,13.48,269.3,118,12.12,0,False
4-1-5,no,no,240.3,130,40.85,162.5,83,13.81,231.9,136,10.44,0,False
4-1-5,no,no,193.3,126,32.86,154.7,85,13.15,174.8,98,7.87,3,False
4-0-8,no,yes,211.9,40,36.02,274.4,76,23.32,210.5,139,9.47,1,False
4-1-5,yes,no,218.7,111,37.18,155.6,133,13.23,277.4,62,12.48,1,False
5-1-0,no,yes,181.2,76,30.8,177.6,98,15.1,228.0,136,10.26,2,False
4-1-5,no,no,113.7,67,19.33,165.1,127,14.03,141.5,142,6.37,1,False
4-1-5,no,yes,174.7,86,29.7,160.6,93,13.65,155.3,108,6.99,0,False
5-1-0,no,yes,211.1,89,35.89,223.5,97,19.0,148.4,106,6.68,2,False
5-1-0,no,no,169.3,108,28.78,178.6,91,15.18,242.3,82,10.9,1,False
4-1-5,no,no,247.4,107,42.06,175.9,76,14.95,287.4,90,12.93,0,False
4-1-5,no,yes,131.2,63,22.3,227.4,125,19.33,178.9,105,8.05,2,False
5-1-0,no,no,161.4,84,27.44,163.6,88,13.91,153.2,121,6.89,1,False
5-1-0,yes,no,107.2,98,18.22,86.8,122,7.38,156.2,117,7.03,1,False
4-0-8,no,yes,211.9,120,36.02,202.9,136,17.25,213.5,95,9.61,1,False
5-1-0,no,no,160.4,120,27.27,285.9,104,24.3,182.5,85,8.21,3,False
5-1-0,no,yes,230.7,101,39.22,256.8,88,21.83,263.9,92,11.88,1,False
4-0-8,no,no,232.6,96,39.54,253.4,117,21.54,154.0,101,6.93,1,False
5-1-0,no,no,133.4,107,22.68,223.9,117,19.03,180.4,85,8.12,1,False
4-0-8,no,yes,306.2,123,52.05,189.7,83,16.12,240.3,107,10.81,0,False
4-1-5,no,no,236.8,135,40.26,186.4,87,15.84,126.9,112,5.71,2,False
5-1-0,yes,no,168.4,114,28.63,276.0,127,23.46,196.2,48,8.83,1,False
4-1-5,no,no,70.9,134,12.05,134.5,112,11.43,168.8,164,7.6,2,False
5-1-0,no,yes,105.0,86,17.85,121.8,123,10.35,221.5,122,9.97,0,False
4-1-5,no,no,152.1,141,25.86,215.5,107,18.32,262.4,111,11.81,1,False
5-1-0,yes,no,180.9,79,30.75,194.9,83,16.57,197.8,109,8.9,3,False
5-1-0,no,yes,156.6,84,26.62,161.5,96,13.73,294.6,107,13.26,1,False
5-1-0,no,yes,180.5,85,30.69,224.1,92,19.05,205.7,103,9.26,0,False
5-1-0,no,yes,238.8,100,40.6,230.0,121,19.55,206.3,66,9.28,1,False
4-1-5,no,yes,182.1,66,30.96,213.6,65,18.16,193.0,108,8.69,2,False
4-1-5,no,yes,139.6,72,23.73,332.8,170,28.29,213.8,105,9.62,2,False
4-0-8,no,yes,200.3,76,34.05,253.6,105,21.56,149.3,93,6.72,0,False
4-0-8,no,no,153.5,94,26.1,251.7,118,21.39,182.2,99,8.2,1,False
4-1-5,yes,yes,128.2,119,21.79,171.7,83,14.59,250.9,114,11.29,3,False
4-0-8,no,no,159.5,145,27.12,202.3,101,17.2,256.0,96,11.52,2,False
4-0-8,no,no,251.9,81,42.82,194.6,96,16.54,211.2,87,9.5,2,False
4-1-5,no,no,153.7,105,26.13,188.6,87,16.03,200.8,95,9.04,0,False
5-1-0,no,no,232.1,81,39.46,210.8,101,17.92,165.4,87,7.44,5,False
4-1-5,no,no,201.9,86,34.32,212.3,96,18.05,176.9,98,7.96,1,False
4-0-8,no,no,186.9,79,31.77,182.6,105,15.52,143.1,90,6.44,1,False
5-1-0,no,yes,196.6,89,33.42,180.6,95,15.35,245.0,83,11.03,1,False
5-1-0,no,no,232.1,102,39.46,168.2,110,14.3,197.3,120,8.88,1,False
4-1-5,no,no,166.0,79,28.22,74.6,100,6.34,247.9,74,11.16,0,False
5-1-0,no,yes,200.6,96,34.1,164.1,111,13.95,169.6,153,7.63,1,False
4-0-8,no,yes,141.0,101,23.97,212.0,85,18.02,175.2,138,7.88,3,False
4-0-8,no,yes,245.0,95,41.65,216.9,66,18.44,112.4,125,5.06,0,False
4-1-5,yes,no,140.8,140,23.94,228.6,119,19.43,152.9,88,6.88,1,False
4-1-5,no,yes,125.0,99,21.25,235.3,81,20.0,215.3,95,9.69,2,False
4-0-8,no,no,180.6,65,30.7,280.4,99,23.83,292.4,105,13.16,1,False
4-1-5,no,yes,178.1,111,30.28,236.7,109,20.12,264.0,118,11.88,0,False
4-1-5,no,no,231.3,87,39.32,224.7,88,19.1,214.6,69,9.66,1,False
4-1-5,no,no,111.2,101,18.9,122.1,94,10.38,180.8,85,8.14,3,False
4-1-5,no,no,146.3,85,24.87,216.6,95,18.41,233.0,82,10.49,0,False
4-1-5,no,no,206.3,66,35.07,241.1,109,20.49,227.8,102,10.25,0,False
4-1-5,no,no,132.0,103,22.44,279.6,114,23.77,180.0,74,8.1,0,False
4-0-8,no,no,274.6,105,46.68,161.1,121,13.69,194.4,123,8.75,2,False
5-1-0,no,no,185.3,87,31.5,225.3,87,19.15,194.3,93,8.74,0,False
4-1-5,no,yes,154.8,69,26.32,177.2,105,15.06,207.6,102,9.34,1,False
4-1-5,no,yes,179.2,105,30.46,283.2,83,24.07,228.1,77,10.26,1,False
4-0-8,no,no,268.0,115,45.56,153.6,106,13.06,232.3,65,10.45,3,False
4-1-5,no,no,137.5,110,23.38,198.1,109,16.84,292.7,131,13.17,2,False
4-0-8,no,no,243.0,115,41.31,191.8,91,16.3,117.8,93,5.3,2,False
5-1-0,no,no,134.9,79,22.93,221.5,114,18.83,113.8,118,5.12,1,False
4-1-5,no,no,234.2,76,39.81,216.7,108,18.42,130.6,122,5.88,1,False
4-1-5,no,no,175.1,73,29.77,171.9,116,14.61,131.1,94,5.9,1,False
4-0-8,no,no,142.2,107,24.17,262.4,84,22.3,139.2,99,6.26,1,False
5-1-0,no,no,132.4,81,22.51,200.3,110,17.03,202.5,103,9.11,2,False
4-1-5,no,yes,97.8,98,16.63,207.2,67,17.61,214.5,126,9.65,0,False
5-1-0,no,yes,155.2,139,26.38,268.3,79,22.81,186.4,71,8.39,3,False
4-1-5,no,no,200.2,92,34.03,244.9,107,20.82,190.9,96,8.59,1,False
5-1-0,yes,no,198.4,121,33.73,249.5,104,21.21,162.8,115,7.33,1,False
4-1-5,no,no,180.3,67,30.65,208.0,68,17.68,181.2,101,8.15,2,False
4-1-5,no,no,86.3,84,14.67,238.7,99,20.29,238.4,79,10.73,2,False
4-0-8,no,no,240.9,108,40.95,167.4,91,14.23,322.2,109,14.5,3,False
4-0-8,no,no,207.7,109,35.31,217.5,117,18.49,125.6,111,5.65,1,False
5-1-0,no,yes,128.5,115,21.85,163.7,91,13.91,242.9,121,10.93,1,False
5-1-0,no,yes,224.4,114,38.15,146.0,106,12.41,241.4,98,10.86,1,False
4-1-5,no,no,164.9,115,28.03,126.5,96,10.75,238.5,125,10.73,2,False
4-1-5,no,no,238.0,97,40.46,164.5,97,13.98,282.5,132,12.71,2,False
4-1-5,no,yes,231.0,85,39.27,222.3,82,18.9,148.0,105,6.66,2,False
4-0-8,no,no,185.0,122,31.45,182.5,92,15.51,274.9,92,12.37,1,False
4-1-5,no,yes,244.1,71,41.5,203.4,58,17.29,234.0,115,10.53,3,False
5-1-0,no,no,238.4,96,40.53,246.5,130,20.95,198.4,117,8.93,3,False
4-1-5,no,yes,141.1,109,23.99,224.7,94,19.1,174.3,122,7.84,1,False
4-1-5,no,no,158.1,117,26.88,115.2,149,9.79,182.4,92,8.21,0,False
4-1-5,no,yes,220.1,105,37.42,222.2,109,18.89,158.4,96,7.13,0,False
4-1-5,no,no,109.5,105,18.62,286.1,90,24.32,247.6,113,11.14,1,False
4-0-8,no,no,187.2,110,31.82,114.7,116,9.75,104.7,83,4.71,1,False
5-1-0,no,no,107.9,128,18.34,187.0,77,15.9,218.5,95,9.83,0,False
4-0-8,no,no,203.8,85,34.65,87.8,110,7.46,166.2,122,7.48,1,False
4-0-8,no,no,160.0,133,27.2,215.3,98,18.3,188.9,87,8.5,0,False
4-0-8,no,no,51.1,106,8.69,208.6,137,17.73,198.0,92,8.91,1,False
4-1-5,no,no,227.7,88,38.71,170.0,96,14.45,128.7,57,5.79,1,False
5-1-0,no,no,203.8,77,34.65,205.1,111,17.43,154.9,109,6.97,1,False
4-0-8,no,yes,241.7,84,41.09,165.8,84,14.09,160.6,80,7.23,1,False
5-1-0,no,no,78.1,70,13.28,239.3,115,20.34,144.4,112,6.5,1,False
4-0-8,no,no,187.8,95,31.93,149.2,143,12.68,201.4,113,9.06,2,False
4-1-5,no,yes,127.1,94,21.61,228.3,116,19.41,166.7,108,7.5,1,False
5-1-0,yes,no,153.2,78,26.04,210.8,99,17.92,153.5,100,6.91,1,False
4-1-5,no,yes,137.1,88,23.31,155.7,125,13.23,247.6,94,11.14,2,False
4-1-5,no,yes,224.1,127,38.1,238.8,85,20.3,174.2,86,7.84,2,False
4-0-8,no,yes,83.6,131,14.21,203.9,131,17.33,229.5,73,10.33,1,False
4-0-8,no,no,203.9,109,34.66,234.0,123,19.89,160.7,65,7.23,4,False
4-1-5,no,no,211.3,87,35.92,165.7,97,14.08,265.9,72,11.97,1,False
4-0-8,yes,no,219.4,112,37.3,225.7,102,19.18,255.3,95,11.49,4,False
4-1-5,no,no,190.4,91,32.37,92.0,107,7.82,224.8,108,10.12,2,False
4-1-5,no,no,147.7,94,25.11,283.3,83,24.08,188.3,124,8.47,2,False
4-0-8,no,no,229.9,130,39.08,144.4,93,12.27,262.4,110,11.81,2,False
4-0-8,no,no,102.8,128,17.48,143.7,95,12.21,191.4,97,8.61,1,False
4-1-5,no,no,178.7,81,30.38,233.7,74,19.86,131.9,120,5.94,1,False
4-1-5,no,yes,148.5,106,25.25,114.5,106,9.73,178.3,98,8.02,0,False
5-1-0,no,yes,164.1,111,27.9,219.1,96,18.62,220.3,108,9.91,0,False
4-1-5,yes,no,197.2,90,33.52,188.5,113,16.02,211.1,94,9.5,1,False
4-1-5,no,no,124.9,131,21.23,300.5,118,25.54,192.5,106,8.66,2,False
4-1-5,no,no,115.4,99,19.62,209.9,115,17.84,280.9,112,12.64,3,False
4-1-5,no,no,193.9,118,32.96,85.0,110,7.23,210.1,134,9.45,3,False
4-1-5,no,no,169.8,114,28.87,197.7,105,16.8,193.7,82,8.72,1,False
4-0-8,no,no,193.4,99,32.88,116.9,88,9.94,243.3,109,10.95,2,False
4-1-5,no,no,106.6,128,18.12,284.8,87,24.21,178.9,92,8.05,1,False
4-1-5,no,no,134.7,98,22.9,189.7,68,16.12,221.4,128,9.96,2,False
4-1-5,no,yes,156.2,77,26.55,215.5,126,18.32,279.1,83,12.56,2,False
4-1-5,no,no,231.1,57,39.29,153.4,55,13.04,191.3,123,8.61,3,False
5-1-0,no,no,180.8,109,30.74,288.8,58,24.55,191.9,91,8.64,2,False
5-1-0,yes,no,213.8,105,36.35,159.6,84,13.57,139.2,137,6.26,2,False
4-1-5,no,yes,234.4,113,39.85,265.9,82,22.6,241.4,77,10.86,0,False
